{"__symbolic":"module","version":4,"metadata":{"HighlightPlusModule":{"__symbolic":"class","decorators":[{"__symbolic":"call","expression":{"__symbolic":"reference","module":"@angular/core","name":"NgModule","line":8,"character":1},"arguments":[{"imports":[{"__symbolic":"reference","module":"ngx-highlightjs","name":"HighlightModule","line":10,"character":4},{"__symbolic":"reference","module":"@angular/common/http","name":"HttpClientModule","line":11,"character":4}],"declarations":[{"__symbolic":"reference","name":"GistDirective"},{"__symbolic":"reference","name":"GistFilePipe"},{"__symbolic":"reference","name":"CodeFromUrlPipe"}],"exports":[{"__symbolic":"reference","module":"ngx-highlightjs","name":"HighlightModule","line":19,"character":4},{"__symbolic":"reference","name":"GistDirective"},{"__symbolic":"reference","name":"GistFilePipe"},{"__symbolic":"reference","name":"CodeFromUrlPipe"}]}]}],"members":{}},"CodeFromUrlPipe":{"__symbolic":"class","decorators":[{"__symbolic":"call","expression":{"__symbolic":"reference","module":"@angular/core","name":"Pipe","line":4,"character":1},"arguments":[{"name":"codeFromUrl"}]}],"members":{"__ctor__":[{"__symbolic":"constructor","parameters":[{"__symbolic":"reference","name":"CodeLoader"}]}],"transform":[{"__symbolic":"method"}]}},"CodeLoader":{"__symbolic":"class","decorators":[{"__symbolic":"call","expression":{"__symbolic":"reference","module":"@angular/core","name":"Injectable","line":6,"character":1},"arguments":[{"providedIn":"root"}]}],"members":{"__ctor__":[{"__symbolic":"constructor","parameterDecorators":[null,[{"__symbolic":"call","expression":{"__symbolic":"reference","module":"@angular/core","name":"Optional","line":10,"character":42}},{"__symbolic":"call","expression":{"__symbolic":"reference","module":"@angular/core","name":"Inject","line":10,"character":54},"arguments":[{"__symbolic":"reference","name":"GIST_OPTIONS"}]}]],"parameters":[{"__symbolic":"reference","module":"@angular/common/http","name":"HttpClient","line":10,"character":29},{"__symbolic":"reference","name":"GistOptions"}]}],"getCodeFromGist":[{"__symbolic":"method"}],"getCodeFromUrl":[{"__symbolic":"method"}],"isOAuthProvided":[{"__symbolic":"method"}],"fetchFile":[{"__symbolic":"method"}]},"statics":{"ɵprov":{}}},"GistOptions":{"__symbolic":"interface"},"GIST_OPTIONS":{"__symbolic":"new","expression":{"__symbolic":"reference","module":"@angular/core","name":"InjectionToken","line":7,"character":32},"arguments":["GIST_OPTIONS"]},"Gist":{"__symbolic":"interface"},"GistDirective":{"__symbolic":"class","decorators":[{"__symbolic":"call","expression":{"__symbolic":"reference","module":"@angular/core","name":"Directive","line":4,"character":1},"arguments":[{"selector":"[gist]"}]}],"members":{"__ctor__":[{"__symbolic":"constructor","parameters":[{"__symbolic":"reference","name":"CodeLoader"}]}],"gist":[{"__symbolic":"property","decorators":[{"__symbolic":"call","expression":{"__symbolic":"reference","module":"@angular/core","name":"Input","line":12,"character":3}}]}],"gistLoad":[{"__symbolic":"property","decorators":[{"__symbolic":"call","expression":{"__symbolic":"reference","module":"@angular/core","name":"Output","line":19,"character":3}}]}]}},"GistFilePipe":{"__symbolic":"class","decorators":[{"__symbolic":"call","expression":{"__symbolic":"reference","module":"@angular/core","name":"Pipe","line":22,"character":1},"arguments":[{"name":"gistFile"}]}],"members":{"transform":[{"__symbolic":"method"}]}}},"origins":{"HighlightPlusModule":"./highlight-plus.module","CodeFromUrlPipe":"./code-from-url","CodeLoader":"./code-loader","GistOptions":"./gist.model","GIST_OPTIONS":"./gist.model","Gist":"./gist.model","GistDirective":"./gist","GistFilePipe":"./gist"},"importAs":"ngx-highlightjs/plus"}