{"__symbolic":"module","version":4,"metadata":{"Highlight":{"__symbolic":"class","decorators":[{"__symbolic":"call","expression":{"__symbolic":"reference","module":"@angular/core","name":"Directive","line":17,"character":1},"arguments":[{"host":{"[class.hljs]":"true","$quoted$":["[class.hljs]"]},"selector":"[highlight]"}]}],"members":{"code":[{"__symbolic":"property","decorators":[{"__symbolic":"call","expression":{"__symbolic":"reference","module":"@angular/core","name":"Input","line":32,"character":3},"arguments":["highlight"]}]}],"languages":[{"__symbolic":"property","decorators":[{"__symbolic":"call","expression":{"__symbolic":"reference","module":"@angular/core","name":"Input","line":36,"character":3}}]}],"lineNumbers":[{"__symbolic":"property","decorators":[{"__symbolic":"call","expression":{"__symbolic":"reference","module":"@angular/core","name":"Input","line":39,"character":3}}]}],"highlighted":[{"__symbolic":"property","decorators":[{"__symbolic":"call","expression":{"__symbolic":"reference","module":"@angular/core","name":"Output","line":42,"character":3}}]}],"__ctor__":[{"__symbolic":"constructor","parameterDecorators":[null,null,null,[{"__symbolic":"call","expression":{"__symbolic":"reference","module":"@angular/core","name":"Optional","line":47,"character":15}},{"__symbolic":"call","expression":{"__symbolic":"reference","module":"@angular/core","name":"Inject","line":47,"character":27},"arguments":[{"__symbolic":"reference","name":"HIGHLIGHT_OPTIONS"}]}]],"parameters":[{"__symbolic":"reference","module":"@angular/core","name":"ElementRef","line":44,"character":18},{"__symbolic":"reference","name":"HighlightJS"},{"__symbolic":"reference","module":"@angular/platform-browser","name":"DomSanitizer","line":46,"character":34},{"__symbolic":"reference","name":"HighlightOptions"}]}],"ngOnChanges":[{"__symbolic":"method"}],"highlightElement":[{"__symbolic":"method"}],"addLineNumbers":[{"__symbolic":"method"}],"destroyLineNumbersObserver":[{"__symbolic":"method"}],"setTextContent":[{"__symbolic":"method"}],"setInnerHTML":[{"__symbolic":"method"}]}},"HighlightLibrary":{"__symbolic":"interface"},"HighlightConfig":{"__symbolic":"interface"},"HighlightResult":{"__symbolic":"interface"},"HighlightOptions":{"__symbolic":"interface"},"HIGHLIGHT_OPTIONS":{"__symbolic":"new","expression":{"__symbolic":"reference","module":"@angular/core","name":"InjectionToken","line":104,"character":37},"arguments":["HIGHLIGHT_OPTIONS"]},"HighlightModule":{"__symbolic":"class","decorators":[{"__symbolic":"call","expression":{"__symbolic":"reference","module":"@angular/core","name":"NgModule","line":3,"character":1},"arguments":[{"declarations":[{"__symbolic":"reference","name":"Highlight"}],"exports":[{"__symbolic":"reference","name":"Highlight"}]}]}],"members":{}},"HighlightJS":{"__symbolic":"class","decorators":[{"__symbolic":"call","expression":{"__symbolic":"reference","module":"@angular/core","name":"Injectable","line":6,"character":1},"arguments":[{"providedIn":"root"}]}],"members":{"__ctor__":[{"__symbolic":"constructor","parameterDecorators":[null,[{"__symbolic":"call","expression":{"__symbolic":"reference","module":"@angular/core","name":"Optional","line":18,"character":49}},{"__symbolic":"call","expression":{"__symbolic":"reference","module":"@angular/core","name":"Inject","line":18,"character":61},"arguments":[{"__symbolic":"reference","name":"HIGHLIGHT_OPTIONS"}]}]],"parameters":[{"__symbolic":"reference","name":"HighlightLoader"},{"__symbolic":"reference","name":"HighlightOptions"}]}],"highlight":[{"__symbolic":"method"}],"highlightAuto":[{"__symbolic":"method"}],"fixMarkup":[{"__symbolic":"method"}],"highlightBlock":[{"__symbolic":"method"}],"configure":[{"__symbolic":"method"}],"initHighlighting":[{"__symbolic":"method"}],"registerLanguage":[{"__symbolic":"method"}],"listLanguages":[{"__symbolic":"method"}],"getLanguage":[{"__symbolic":"method"}],"lineNumbersBlock":[{"__symbolic":"method"}]},"statics":{"ɵprov":{}}},"HighlightLoader":{"__symbolic":"class","decorators":[{"__symbolic":"call","expression":{"__symbolic":"reference","module":"@angular/core","name":"Injectable","line":7,"character":1},"arguments":[{"providedIn":"root"}]}],"members":{"__ctor__":[{"__symbolic":"constructor","parameterDecorators":[[{"__symbolic":"call","expression":{"__symbolic":"reference","module":"@angular/core","name":"Inject","line":19,"character":15},"arguments":[{"__symbolic":"reference","module":"@angular/common","name":"DOCUMENT","line":19,"character":22}]}],[{"__symbolic":"call","expression":{"__symbolic":"reference","module":"@angular/core","name":"Inject","line":20,"character":15},"arguments":[{"__symbolic":"reference","module":"@angular/core","name":"PLATFORM_ID","line":20,"character":22}]}],[{"__symbolic":"call","expression":{"__symbolic":"reference","module":"@angular/core","name":"Optional","line":21,"character":15}},{"__symbolic":"call","expression":{"__symbolic":"reference","module":"@angular/core","name":"Inject","line":21,"character":27},"arguments":[{"__symbolic":"reference","name":"HIGHLIGHT_OPTIONS"}]}]],"parameters":[{"__symbolic":"reference","name":"any"},{"__symbolic":"error","message":"Expression form not supported","line":20,"character":47,"module":"./lib/highlight.loader"},{"__symbolic":"reference","name":"HighlightOptions"}]}],"_loadLibrary":[{"__symbolic":"method"}],"_loadLanguages":[{"__symbolic":"method"}],"loadCoreLibrary":[{"__symbolic":"method"}],"loadFullLibrary":[{"__symbolic":"method"}],"loadLineNumbers":[{"__symbolic":"method"}]},"statics":{"ɵprov":{}}}},"origins":{"Highlight":"./lib/highlight","HighlightLibrary":"./lib/highlight.model","HighlightConfig":"./lib/highlight.model","HighlightResult":"./lib/highlight.model","HighlightOptions":"./lib/highlight.model","HIGHLIGHT_OPTIONS":"./lib/highlight.model","HighlightModule":"./lib/highlight.module","HighlightJS":"./lib/highlight.service","HighlightLoader":"./lib/highlight.loader"},"importAs":"ngx-highlightjs"}